Planet, Distance,  Period, 
Mercury, 0.3870321, 0.2409639, 
Venus, 0.7232620, 0.6152793, 
Earth, 1.0000000, 1.0000000, 
Mars, 1.5233957, 1.8811610, 
Jupiter, 5.2045455, 11.8592552, 
Saturn, 9.5822193, 29.4277108, 
Uranus, 19.2012032, 83.7595838, 
Neptune, 30.0474599, 163.7458927, 
Pluto, 39.4812834, 247.9737130 